Economy,Year,Score-Starting a business
Afghanistan,DB2018,82.6
Afghanistan,DB2017,90.4
Afghanistan,DB2016,90.5
Afghanistan,DB2015,91
Afghanistan,DB2014,91.6
Afghanistan,DB2013,88.3
Afghanistan,DB2012,87.9
Afghanistan,DB2011,87.8
Afghanistan,DB2010,87.3
Afghanistan,DB2009,83.4
Afghanistan,DB2008,80.3
Albania,DB2018,91.5
Albania,DB2017,91.4
Albania,DB2016,91.7
Albania,DB2015,91.7
Albania,DB2014,90.3
Albania,DB2013,90.2
Albania,DB2012,87.6
Albania,DB2011,87.3
Albania,DB2010,87.2
Albania,DB2009,82
Albania,DB2008,68.2
Algeria,DB2018,77.9
Algeria,DB2017,78
Algeria,DB2016,76.6
Algeria,DB2015,74.6
Algeria,DB2014,73.6
Algeria,DB2013,73.7
Algeria,DB2012,73.5
Algeria,DB2011,73.2
Algeria,DB2010,73.5
Algeria,DB2009,73.3
Algeria,DB2008,72.5
Angola,DB2018,78.6
Angola,DB2017,79.7
Angola,DB2016,77.5
Angola,DB2015,57.1
Angola,DB2014,55.6
Angola,DB2013,53.8
Angola,DB2012,51.3
Angola,DB2011,46.5
Angola,DB2010,52
Angola,DB2009,45.7
Angola,DB2008,34.9
Antigua and Barbuda,DB2018,81.7
Antigua and Barbuda,DB2017,81.7
Antigua and Barbuda,DB2016,81.7
Antigua and Barbuda,DB2015,81.6
Antigua and Barbuda,DB2014,81.6
Antigua and Barbuda,DB2013,81.5
Antigua and Barbuda,DB2012,81.3
Antigua and Barbuda,DB2011,81.5
Antigua and Barbuda,DB2010,81.7
Antigua and Barbuda,DB2009,81.4
Antigua and Barbuda,DB2008,81.4
Argentina,DB2018,73.6
Argentina,DB2017,73.5
Argentina,DB2016,73.3
Argentina,DB2015,72.4
Argentina,DB2014,71.6
Argentina,DB2013,72.6
Argentina,DB2012,72.2
Argentina,DB2011,71.7
Argentina,DB2010,72.1
Argentina,DB2009,71.1
Argentina,DB2008,72.4
Armenia,DB2018,94.3
Armenia,DB2017,94.3
Armenia,DB2016,94.3
Armenia,DB2015,94.3
Armenia,DB2014,94.3
Armenia,DB2013,93.4
Armenia,DB2012,93.3
Armenia,DB2011,88.9
Armenia,DB2010,88.9
Armenia,DB2009,83.5
Armenia,DB2008,83.3
Australia,DB2018,96.5
Australia,DB2017,96.5
Australia,DB2016,96.5
Australia,DB2015,96.5
Australia,DB2014,96.5
Australia,DB2013,96.5
Australia,DB2012,96.5
Australia,DB2011,96.5
Australia,DB2010,96.5
Australia,DB2009,96.5
Australia,DB2008,96.3
Austria,DB2018,83.1
Austria,DB2017,83.1
Austria,DB2016,82.8
Austria,DB2015,82.8
Austria,DB2014,80
Austria,DB2013,79.9
Austria,DB2012,79.6
Austria,DB2011,79.6
Austria,DB2010,79.7
Austria,DB2009,79.6
Austria,DB2008,79.4
Azerbaijan,DB2018,96.1
Azerbaijan,DB2017,96.1
Azerbaijan,DB2016,96.1
Azerbaijan,DB2015,93.9
Azerbaijan,DB2014,95.3
Azerbaijan,DB2013,90.5
Azerbaijan,DB2012,90.4
Azerbaijan,DB2011,90.4
Azerbaijan,DB2010,89.9
Azerbaijan,DB2009,89.7
Azerbaijan,DB2008,74
"Bahamas, The",DB2018,84.2
"Bahamas, The",DB2017,82.7
"Bahamas, The",DB2016,81.3
"Bahamas, The",DB2015,84.1
"Bahamas, The",DB2014,84.1
"Bahamas, The",DB2013,84.1
"Bahamas, The",DB2012,84.1
"Bahamas, The",DB2011,84.1
"Bahamas, The",DB2010,82.6
"Bahamas, The",DB2009,82.4
"Bahamas, The",DB2008,82.4
Bahrain,DB2018,89.6
Bahrain,DB2017,89.5
Bahrain,DB2016,76.2
Bahrain,DB2015,76.1
Bahrain,DB2014,73.9
Bahrain,DB2013,73.7
Bahrain,DB2012,71.8
Bahrain,DB2011,74.2
Bahrain,DB2010,75.9
Bahrain,DB2009,75
Bahrain,DB2008,72.1
Bangladesh,DB2018,80.6
Bangladesh,DB2017,81.5
Bangladesh,DB2016,81.7
Bangladesh,DB2015,81.4
Bangladesh,DB2014,80.5
Bangladesh,DB2013,
Bangladesh,DB2012,
Bangladesh,DB2011,
Bangladesh,DB2010,
Bangladesh,DB2009,
Bangladesh,DB2008,
Bangladesh - Chittagong,DB2018,80.6
Bangladesh - Chittagong,DB2017,81.5
Bangladesh - Chittagong,DB2016,81.7
Bangladesh - Chittagong,DB2015,81.4
Bangladesh - Chittagong,DB2014,81.1
Bangladesh - Chittagong,DB2013,
Bangladesh - Chittagong,DB2012,
Bangladesh - Chittagong,DB2011,
Bangladesh - Chittagong,DB2010,
Bangladesh - Chittagong,DB2009,
Bangladesh - Chittagong,DB2008,
Bangladesh - Dhaka,DB2018,80.6
Bangladesh - Dhaka,DB2017,81.5
Bangladesh - Dhaka,DB2016,81.7
Bangladesh - Dhaka,DB2015,81.4
Bangladesh - Dhaka,DB2014,80.3
Bangladesh - Dhaka,DB2013,79
Bangladesh - Dhaka,DB2012,79
Bangladesh - Dhaka,DB2011,78.8
Bangladesh - Dhaka,DB2010,73.6
Bangladesh - Dhaka,DB2009,68.2
Bangladesh - Dhaka,DB2008,63.9
Barbados,DB2018,86.3
Barbados,DB2017,86.3
Barbados,DB2016,85.6
Barbados,DB2015,85.6
Barbados,DB2014,84.4
Barbados,DB2013,84.4
Barbados,DB2012,84.4
Barbados,DB2011,
Barbados,DB2010,
Barbados,DB2009,
Barbados,DB2008,
Belarus,DB2018,91.9
Belarus,DB2017,91.9
Belarus,DB2016,91.9
Belarus,DB2015,89.6
Belarus,DB2014,89.6
Belarus,DB2013,87.7
Belarus,DB2012,87.8
Belarus,DB2011,87.8
Belarus,DB2010,87.8
Belarus,DB2009,78.5
Belarus,DB2008,70.1
Belgium,DB2018,91.4
Belgium,DB2017,91.4
Belgium,DB2016,91.4
Belgium,DB2015,91.3
Belgium,DB2014,91.3
Belgium,DB2013,91.3
Belgium,DB2012,91.2
Belgium,DB2011,91.2
Belgium,DB2010,91.2
Belgium,DB2009,91.2
Belgium,DB2008,91.1
Belize,DB2018,72
Belize,DB2017,73.2
Belize,DB2016,73.3
Belize,DB2015,73.3
Belize,DB2014,73.1
Belize,DB2013,73
Belize,DB2012,73
Belize,DB2011,73.1
Belize,DB2010,73.1
Belize,DB2009,73
Belize,DB2008,72.9
Benin,DB2018,90.6
Benin,DB2017,90.6
Benin,DB2016,81.4
Benin,DB2015,80
Benin,DB2014,54.3
Benin,DB2013,49.3
Benin,DB2012,43.2
Benin,DB2011,40.4
Benin,DB2010,39.6
Benin,DB2009,31
Benin,DB2008,30.7
Bhutan,DB2018,86.3
Bhutan,DB2017,85.6
Bhutan,DB2016,85.6
Bhutan,DB2015,85.5
Bhutan,DB2014,81.7
Bhutan,DB2013,80.3
Bhutan,DB2012,80.3
Bhutan,DB2011,77.5
Bhutan,DB2010,77.4
Bhutan,DB2009,77.4
Bhutan,DB2008,76.7
Bolivia,DB2018,67.8
Bolivia,DB2017,63.5
Bolivia,DB2016,62.3
Bolivia,DB2015,61.1
Bolivia,DB2014,60.2
Bolivia,DB2013,59.9
Bolivia,DB2012,58
Bolivia,DB2011,56.8
Bolivia,DB2010,57
Bolivia,DB2009,55.4
Bolivia,DB2008,52.6
Bosnia and Herzegovina,DB2018,59.6
Bosnia and Herzegovina,DB2017,58.7
Bosnia and Herzegovina,DB2016,57.1
Bosnia and Herzegovina,DB2015,56.9
Bosnia and Herzegovina,DB2014,56.9
Bosnia and Herzegovina,DB2013,56.8
Bosnia and Herzegovina,DB2012,54.3
Bosnia and Herzegovina,DB2011,50.4
Bosnia and Herzegovina,DB2010,53.7
Bosnia and Herzegovina,DB2009,51.4
Bosnia and Herzegovina,DB2008,52.6
Botswana,DB2018,76.2
Botswana,DB2017,76.2
Botswana,DB2016,76.2
Botswana,DB2015,76.2
Botswana,DB2014,77.9
Botswana,DB2013,78.2
Botswana,DB2012,78.2
Botswana,DB2011,71.9
Botswana,DB2010,71.9
Botswana,DB2009,68.1
Botswana,DB2008,59.1
Brazil,DB2018,64.8
Brazil,DB2017,64.7
Brazil,DB2016,63.9
Brazil,DB2015,64.7
Brazil,DB2014,63.7
Brazil,DB2013,
Brazil,DB2012,
Brazil,DB2011,
Brazil,DB2010,
Brazil,DB2009,
Brazil,DB2008,
Brazil - Rio de Janeiro,DB2018,72.6
Brazil - Rio de Janeiro,DB2017,72.5
Brazil - Rio de Janeiro,DB2016,70.3
Brazil - Rio de Janeiro,DB2015,72.4
Brazil - Rio de Janeiro,DB2014,72.3
Brazil - Rio de Janeiro,DB2013,
Brazil - Rio de Janeiro,DB2012,
Brazil - Rio de Janeiro,DB2011,
Brazil - Rio de Janeiro,DB2010,
Brazil - Rio de Janeiro,DB2009,
Brazil - Rio de Janeiro,DB2008,
Brazil - S?o Paulo,DB2018,59.8
Brazil - S?o Paulo,DB2017,59.8
Brazil - S?o Paulo,DB2016,59.8
Brazil - S?o Paulo,DB2015,59.8
Brazil - S?o Paulo,DB2014,58.3
Brazil - S?o Paulo,DB2013,58.2
Brazil - S?o Paulo,DB2012,58.1
Brazil - S?o Paulo,DB2011,57.9
Brazil - S?o Paulo,DB2010,56.5
Brazil - S?o Paulo,DB2009,53.4
Brazil - S?o Paulo,DB2008,53.1
Brunei Darussalam,DB2018,90.2
Brunei Darussalam,DB2017,86.7
Brunei Darussalam,DB2016,86.8
Brunei Darussalam,DB2015,48.7
Brunei Darussalam,DB2014,48.8
Brunei Darussalam,DB2013,48.7
Brunei Darussalam,DB2012,48.5
Brunei Darussalam,DB2011,48.3
Brunei Darussalam,DB2010,48.8
Brunei Darussalam,DB2009,48.8
Brunei Darussalam,DB2008,48.9
Bulgaria,DB2018,85.4
Bulgaria,DB2017,85.4
Bulgaria,DB2016,84.8
Bulgaria,DB2015,84.8
Bulgaria,DB2014,84.8
Bulgaria,DB2013,84.8
Bulgaria,DB2012,84.7
Bulgaria,DB2011,84.7
Bulgaria,DB2010,83.4
Bulgaria,DB2009,73.9
Bulgaria,DB2008,69.7
Burkina Faso,DB2018,88.2
Burkina Faso,DB2017,88.1
Burkina Faso,DB2016,86.7
Burkina Faso,DB2015,69.1
Burkina Faso,DB2014,69.2
Burkina Faso,DB2013,66
Burkina Faso,DB2012,64.6
Burkina Faso,DB2011,61
Burkina Faso,DB2010,60.9
Burkina Faso,DB2009,57.4
Burkina Faso,DB2008,53
Burundi,DB2018,91.9
Burundi,DB2017,94.4
Burundi,DB2016,94.5
Burundi,DB2015,94.3
Burundi,DB2014,93.7
Burundi,DB2013,91.7
Burundi,DB2012,72
Burundi,DB2011,71
Burundi,DB2010,68.4
Burundi,DB2009,61.6
Burundi,DB2008,61.6
Cabo Verde,DB2018,81.9
Cabo Verde,DB2017,82
Cabo Verde,DB2016,82
Cabo Verde,DB2015,82
Cabo Verde,DB2014,82.2
Cabo Verde,DB2013,79.8
Cabo Verde,DB2012,79.3
Cabo Verde,DB2011,78.9
Cabo Verde,DB2010,77.8
Cabo Verde,DB2009,63.5
Cabo Verde,DB2008,62.5
Cambodia,DB2018,51.9
Cambodia,DB2017,50.9
Cambodia,DB2016,54.5
Cambodia,DB2015,37.3
Cambodia,DB2014,35.7
Cambodia,DB2013,43.5
Cambodia,DB2012,38.8
Cambodia,DB2011,35.1
Cambodia,DB2010,34
Cambodia,DB2009,30.5
Cambodia,DB2008,28.8
Cameroon,DB2018,82.4
Cameroon,DB2017,75.3
Cameroon,DB2016,74.8
Cameroon,DB2015,73.8
Cameroon,DB2014,72.6
Cameroon,DB2013,72.9
Cameroon,DB2012,71.4
Cameroon,DB2011,67.7
Cameroon,DB2010,49.7
Cameroon,DB2009,44.3
Cameroon,DB2008,46.9
Canada,DB2018,98.2
Canada,DB2017,98.2
Canada,DB2016,98.2
Canada,DB2015,97.2
Canada,DB2014,97.2
Canada,DB2013,97.2
Canada,DB2012,97.2
Canada,DB2011,97.2
Canada,DB2010,97.2
Canada,DB2009,97.2
Canada,DB2008,96.2
Central African Republic,DB2018,37
Central African Republic,DB2017,33.1
Central African Republic,DB2016,33.7
Central African Republic,DB2015,31.4
Central African Republic,DB2014,38.3
Central African Republic,DB2013,37.1
Central African Republic,DB2012,39.7
Central African Republic,DB2011,32.3
Central African Republic,DB2010,32.3
Central African Republic,DB2009,29.6
Central African Republic,DB2008,29.9
Chad,DB2018,50.3
Chad,DB2017,51.9
Chad,DB2016,41.9
Chad,DB2015,41.9
Chad,DB2014,34.3
Chad,DB2013,30.2
Chad,DB2012,25.5
Chad,DB2011,17.7
Chad,DB2010,18.8
Chad,DB2009,19.1
Chad,DB2008,17
Chile,DB2018,87.2
Chile,DB2017,87.2
Chile,DB2016,87.2
Chile,DB2015,87.2
Chile,DB2014,87.2
Chile,DB2013,87.1
Chile,DB2012,86.5
Chile,DB2011,78
Chile,DB2010,77.1
Chile,DB2009,77.1
Chile,DB2008,76.9
China,DB2018,85.4
China,DB2017,84.3
China,DB2016,80.8
China,DB2015,80.9
China,DB2014,72.2
China,DB2013,
China,DB2012,
China,DB2011,
China,DB2010,
China,DB2009,
China,DB2008,
China - Beijing,DB2018,85.1
China - Beijing,DB2017,84.1
China - Beijing,DB2016,80.3
China - Beijing,DB2015,80.5
China - Beijing,DB2014,71.8
China - Beijing,DB2013,
China - Beijing,DB2012,
China - Beijing,DB2011,
China - Beijing,DB2010,
China - Beijing,DB2009,
China - Beijing,DB2008,
China - Shanghai,DB2018,85.6
China - Shanghai,DB2017,84.6
China - Shanghai,DB2016,81.1
China - Shanghai,DB2015,81.2
China - Shanghai,DB2014,72.5
China - Shanghai,DB2013,72
China - Shanghai,DB2012,68.2
China - Shanghai,DB2011,67
China - Shanghai,DB2010,66.1
China - Shanghai,DB2009,63.2
China - Shanghai,DB2008,64.2
Colombia,DB2018,85.3
Colombia,DB2017,85.3
Colombia,DB2016,83.6
Colombia,DB2015,84.4
Colombia,DB2014,84.4
Colombia,DB2013,84.4
Colombia,DB2012,84.6
Colombia,DB2011,83.8
Colombia,DB2010,81.9
Colombia,DB2009,76.2
Colombia,DB2008,71.3
Comoros,DB2018,72
Comoros,DB2017,69.9
Comoros,DB2016,71.2
Comoros,DB2015,59.3
Comoros,DB2014,58.2
Comoros,DB2013,52.6
Comoros,DB2012,48.3
Comoros,DB2011,48.7
Comoros,DB2010,46.9
Comoros,DB2009,44.8
Comoros,DB2008,43.3
"Congo, Dem. Rep.",DB2018,89.8
"Congo, Dem. Rep.",DB2017,84.8
"Congo, Dem. Rep.",DB2016,84.8
"Congo, Dem. Rep.",DB2015,57.7
"Congo, Dem. Rep.",DB2014,26.8
"Congo, Dem. Rep.",DB2013,46.5
"Congo, Dem. Rep.",DB2012,44.7
"Congo, Dem. Rep.",DB2011,39.9
"Congo, Dem. Rep.",DB2010,30.1
"Congo, Dem. Rep.",DB2009,30.1
"Congo, Dem. Rep.",DB2008,30.1
"Congo, Rep.",DB2018,63.8
"Congo, Rep.",DB2017,58.6
"Congo, Rep.",DB2016,60.5
"Congo, Rep.",DB2015,60.5
"Congo, Rep.",DB2014,48.5
"Congo, Rep.",DB2013,47.6
"Congo, Rep.",DB2012,43.4
"Congo, Rep.",DB2011,40.7
"Congo, Rep.",DB2010,42.7
"Congo, Rep.",DB2009,38.1
"Congo, Rep.",DB2008,43.4
Costa Rica,DB2018,81.6
Costa Rica,DB2017,81.6
Costa Rica,DB2016,81.2
Costa Rica,DB2015,81.1
Costa Rica,DB2014,81.1
Costa Rica,DB2013,67.5
Costa Rica,DB2012,64.3
Costa Rica,DB2011,64.2
Costa Rica,DB2010,64.2
Costa Rica,DB2009,63.9
Costa Rica,DB2008,59.8
C“te d'Ivoire,DB2018,90
C“te d'Ivoire,DB2017,89.9
C“te d'Ivoire,DB2016,90
C“te d'Ivoire,DB2015,89.8
C“te d'Ivoire,DB2014,74.9
C“te d'Ivoire,DB2013,51.1
C“te d'Ivoire,DB2012,49.7
C“te d'Ivoire,DB2011,47.5
C“te d'Ivoire,DB2010,47.4
C“te d'Ivoire,DB2009,46.5
C“te d'Ivoire,DB2008,45.6
Croatia,DB2018,82.5
Croatia,DB2017,82.5
Croatia,DB2016,82.9
Croatia,DB2015,82.9
Croatia,DB2014,82.2
Croatia,DB2013,82.5
Croatia,DB2012,82.9
Croatia,DB2011,82.8
Croatia,DB2010,82.3
Croatia,DB2009,81.9
Croatia,DB2008,81.8
Cyprus,DB2018,91.2
Cyprus,DB2017,91.2
Cyprus,DB2016,89.2
Cyprus,DB2015,89.1
Cyprus,DB2014,89.2
Cyprus,DB2013,89.2
Cyprus,DB2012,89.1
Cyprus,DB2011,89.2
Cyprus,DB2010,89.3
Cyprus,DB2009,89
Cyprus,DB2008,
Czech Republic,DB2018,83.5
Czech Republic,DB2017,83
Czech Republic,DB2016,81.3
Czech Republic,DB2015,81.3
Czech Republic,DB2014,79.5
Czech Republic,DB2013,79.3
Czech Republic,DB2012,79.2
Czech Republic,DB2011,77.2
Czech Republic,DB2010,77.3
Czech Republic,DB2009,76.4
Czech Republic,DB2008,75.3
Denmark,DB2018,92.5
Denmark,DB2017,92.5
Denmark,DB2016,92.4
Denmark,DB2015,91.8
Denmark,DB2014,91.2
Denmark,DB2013,91.2
Denmark,DB2012,91.2
Denmark,DB2011,91.1
Denmark,DB2010,90.2
Denmark,DB2009,90.1
Denmark,DB2008,90.1
Djibouti,DB2018,80.4
Djibouti,DB2017,68.3
Djibouti,DB2016,63.2
Djibouti,DB2015,62.8
Djibouti,DB2014,59.1
Djibouti,DB2013,27.7
Djibouti,DB2012,26.1
Djibouti,DB2011,26.1
Djibouti,DB2010,26.1
Djibouti,DB2009,26.1
Djibouti,DB2008,24.4
Dominica,DB2018,89.3
Dominica,DB2017,89.3
Dominica,DB2016,89.4
Dominica,DB2015,89.3
Dominica,DB2014,89.1
Dominica,DB2013,89.3
Dominica,DB2012,88.5
Dominica,DB2011,88.2
Dominica,DB2010,88.1
Dominica,DB2009,87.8
Dominica,DB2008,87.3
Dominican Republic,DB2018,83.2
Dominican Republic,DB2017,82.5
Dominican Republic,DB2016,83.3
Dominican Republic,DB2015,82.9
Dominican Republic,DB2014,82.6
Dominican Republic,DB2013,82.3
Dominican Republic,DB2012,81.8
Dominican Republic,DB2011,79.6
Dominican Republic,DB2010,83.2
Dominican Republic,DB2009,83.6
Dominican Republic,DB2008,78.2
Ecuador,DB2018,69
Ecuador,DB2017,69.2
Ecuador,DB2016,68.5
Ecuador,DB2015,65.3
Ecuador,DB2014,65.1
Ecuador,DB2013,64.5
Ecuador,DB2012,64.7
Ecuador,DB2011,64
Ecuador,DB2010,61.7
Ecuador,DB2009,59.9
Ecuador,DB2008,60.6
"Egypt, Arab Rep.",DB2018,80.7
"Egypt, Arab Rep.",DB2017,80.7
"Egypt, Arab Rep.",DB2016,80.6
"Egypt, Arab Rep.",DB2015,81.2
"Egypt, Arab Rep.",DB2014,81.1
"Egypt, Arab Rep.",DB2013,80.9
"Egypt, Arab Rep.",DB2012,80.8
"Egypt, Arab Rep.",DB2011,80.6
"Egypt, Arab Rep.",DB2010,79.3
"Egypt, Arab Rep.",DB2009,78.7
"Egypt, Arab Rep.",DB2008,74.2
El Salvador,DB2018,78.9
El Salvador,DB2017,78.9
El Salvador,DB2016,78.6
El Salvador,DB2015,78.5
El Salvador,DB2014,78.4
El Salvador,DB2013,78.3
El Salvador,DB2012,78.3
El Salvador,DB2011,78.4
El Salvador,DB2010,78.6
El Salvador,DB2009,77
El Salvador,DB2008,65.6
Equatorial Guinea,DB2018,55
Equatorial Guinea,DB2017,36.9
Equatorial Guinea,DB2016,36.6
Equatorial Guinea,DB2015,36.7
Equatorial Guinea,DB2014,36.9
Equatorial Guinea,DB2013,37
Equatorial Guinea,DB2012,36.7
Equatorial Guinea,DB2011,36.1
Equatorial Guinea,DB2010,36.9
Equatorial Guinea,DB2009,36.6
Equatorial Guinea,DB2008,35.9
Eritrea,DB2018,50.6
Eritrea,DB2017,46.4
Eritrea,DB2016,46.2
Eritrea,DB2015,44.8
Eritrea,DB2014,42.8
Eritrea,DB2013,42.1
Eritrea,DB2012,38.4
Eritrea,DB2011,36
Eritrea,DB2010,33.2
Eritrea,DB2009,23.8
Eritrea,DB2008,20.9
Estonia,DB2018,95.2
Estonia,DB2017,95.1
Estonia,DB2016,95.1
Estonia,DB2015,93.3
Estonia,DB2014,91.1
Estonia,DB2013,91
Estonia,DB2012,90.9
Estonia,DB2011,90.8
Estonia,DB2010,91
Estonia,DB2009,90.9
Estonia,DB2008,90.6
Eswatini,DB2018,74.4
Eswatini,DB2017,74.3
Eswatini,DB2016,73.5
Eswatini,DB2015,73.5
Eswatini,DB2014,70.9
Eswatini,DB2013,66.8
Eswatini,DB2012,66.2
Eswatini,DB2011,65.7
Eswatini,DB2010,64.6
Eswatini,DB2009,64.5
Eswatini,DB2008,64
Ethiopia,DB2018,68.4
Ethiopia,DB2017,56
Ethiopia,DB2016,53.6
Ethiopia,DB2015,49.2
Ethiopia,DB2014,46.6
Ethiopia,DB2013,37.6
Ethiopia,DB2012,27.9
Ethiopia,DB2011,32.4
Ethiopia,DB2010,30.4
Ethiopia,DB2009,51.8
Ethiopia,DB2008,50.3
Fiji,DB2018,73.3
Fiji,DB2017,73.1
Fiji,DB2016,68.2
Fiji,DB2015,68
Fiji,DB2014,68
Fiji,DB2013,67.8
Fiji,DB2012,74.2
Fiji,DB2011,75.8
Fiji,DB2010,75.6
Fiji,DB2009,75.6
Fiji,DB2008,75.6
Finland,DB2018,92.4
Finland,DB2017,92.4
Finland,DB2016,92.4
Finland,DB2015,92.4
Finland,DB2014,92.4
Finland,DB2013,92.4
Finland,DB2012,92.3
Finland,DB2011,92.3
Finland,DB2010,92.3
Finland,DB2009,92.3
Finland,DB2008,92.3
France,DB2018,93.3
France,DB2017,93.3
France,DB2016,93.1
France,DB2015,93
France,DB2014,92.5
France,DB2013,92.5
France,DB2012,92.5
France,DB2011,92.5
France,DB2010,92.5
France,DB2009,92.5
France,DB2008,92.4
Gabon,DB2018,80.5
Gabon,DB2017,74.1
Gabon,DB2016,74
Gabon,DB2015,73.7
Gabon,DB2014,73.8
Gabon,DB2013,70.1
Gabon,DB2012,69.5
Gabon,DB2011,68.5
Gabon,DB2010,69.4
Gabon,DB2009,68.9
Gabon,DB2008,67.7
"Gambia, The",DB2018,69
"Gambia, The",DB2017,69.4
"Gambia, The",DB2016,67.3
"Gambia, The",DB2015,68.4
"Gambia, The",DB2014,61.3
"Gambia, The",DB2013,63.2
"Gambia, The",DB2012,58
"Gambia, The",DB2011,58.1
"Gambia, The",DB2010,58
"Gambia, The",DB2009,58
"Gambia, The",DB2008,55.3
Georgia,DB2018,97.8
Georgia,DB2017,97.8
Georgia,DB2016,97.7
Georgia,DB2015,97.7
Georgia,DB2014,97.7
Georgia,DB2013,97.6
Georgia,DB2012,97.6
Georgia,DB2011,95.8
Georgia,DB2010,96
Georgia,DB2009,95.9
Georgia,DB2008,90.3
Germany,DB2018,83.5
Germany,DB2017,83.5
Germany,DB2016,82.7
Germany,DB2015,81.4
Germany,DB2014,81.8
Germany,DB2013,81.7
Germany,DB2012,81.6
Germany,DB2011,81.5
Germany,DB2010,80.8
Germany,DB2009,80.6
Germany,DB2008,80.5
Ghana,DB2018,84
Ghana,DB2017,83.7
Ghana,DB2016,83.7
Ghana,DB2015,83.7
Ghana,DB2014,83.2
Ghana,DB2013,84.9
Ghana,DB2012,84.9
Ghana,DB2011,84.4
Ghana,DB2010,84.6
Ghana,DB2009,82.2
Ghana,DB2008,77.5
Greece,DB2018,92.4
Greece,DB2017,90.7
Greece,DB2016,90.7
Greece,DB2015,90.7
Greece,DB2014,89.2
Greece,DB2013,78.6
Greece,DB2012,78.7
Greece,DB2011,70.8
Greece,DB2010,70.9
Greece,DB2009,70.7
Greece,DB2008,60.9
Grenada,DB2018,87.1
Grenada,DB2017,87
Grenada,DB2016,86.8
Grenada,DB2015,86.7
Grenada,DB2014,86.5
Grenada,DB2013,86.9
Grenada,DB2012,86.1
Grenada,DB2011,86.1
Grenada,DB2010,84.9
Grenada,DB2009,84.2
Grenada,DB2008,84
Guatemala,DB2018,77.8
Guatemala,DB2017,77.6
Guatemala,DB2016,77.4
Guatemala,DB2015,77.3
Guatemala,DB2014,74.7
Guatemala,DB2013,64.6
Guatemala,DB2012,64
Guatemala,DB2011,64.3
Guatemala,DB2010,64.5
Guatemala,DB2009,63.7
Guatemala,DB2008,64.2
Guinea,DB2018,79.2
Guinea,DB2017,77.6
Guinea,DB2016,77.4
Guinea,DB2015,52.8
Guinea,DB2014,55.5
Guinea,DB2013,48.3
Guinea,DB2012,34.2
Guinea,DB2011,30.4
Guinea,DB2010,31.5
Guinea,DB2009,32
Guinea,DB2008,31.6
Guinea-Bissau,DB2018,74
Guinea-Bissau,DB2017,73.3
Guinea-Bissau,DB2016,50.6
Guinea-Bissau,DB2015,49.1
Guinea-Bissau,DB2014,52.6
Guinea-Bissau,DB2013,55
Guinea-Bissau,DB2012,49.3
Guinea-Bissau,DB2011,4.3
Guinea-Bissau,DB2010,4.3
Guinea-Bissau,DB2009,2.2
Guinea-Bissau,DB2008,2.2
Guyana,DB2018,85.6
Guyana,DB2017,85.4
Guyana,DB2016,85.4
Guyana,DB2015,85.3
Guyana,DB2014,85.2
Guyana,DB2013,85
Guyana,DB2012,83.4
Guyana,DB2011,81.9
Guyana,DB2010,80.9
Guyana,DB2009,72.2
Guyana,DB2008,70.1
Haiti,DB2018,33.7
Haiti,DB2017,33.6
Haiti,DB2016,33.5
Haiti,DB2015,33.5
Haiti,DB2014,33.4
Haiti,DB2013,32.5
Haiti,DB2012,32.4
Haiti,DB2011,32.5
Haiti,DB2010,31.1
Haiti,DB2009,30.7
Haiti,DB2008,30.3
Honduras,DB2018,69.9
Honduras,DB2017,69.9
Honduras,DB2016,70.1
Honduras,DB2015,65.5
Honduras,DB2014,65.4
Honduras,DB2013,65.3
Honduras,DB2012,65.1
Honduras,DB2011,65
Honduras,DB2010,73.9
Honduras,DB2009,71.6
Honduras,DB2008,70.3
"Hong Kong SAR, China",DB2018,98.1
"Hong Kong SAR, China",DB2017,98.2
"Hong Kong SAR, China",DB2016,98.1
"Hong Kong SAR, China",DB2015,96.4
"Hong Kong SAR, China",DB2014,96.5
"Hong Kong SAR, China",DB2013,96.3
"Hong Kong SAR, China",DB2012,96.3
"Hong Kong SAR, China",DB2011,95.4
"Hong Kong SAR, China",DB2010,95.5
"Hong Kong SAR, China",DB2009,91.2
"Hong Kong SAR, China",DB2008,91.1
Hungary,DB2018,87.6
Hungary,DB2017,87.3
Hungary,DB2016,87.1
Hungary,DB2015,86.6
Hungary,DB2014,89.3
Hungary,DB2013,89.3
Hungary,DB2012,91.4
Hungary,DB2011,91.3
Hungary,DB2010,91.3
Hungary,DB2009,91
Hungary,DB2008,80.8
Iceland,DB2018,90.7
Iceland,DB2017,90.6
Iceland,DB2016,90.4
Iceland,DB2015,90.3
Iceland,DB2014,92.1
Iceland,DB2013,92
Iceland,DB2012,91.9
Iceland,DB2011,92
Iceland,DB2010,91.6
Iceland,DB2009,91.8
Iceland,DB2008,91.8
India,DB2018,73.9
India,DB2017,72.2
India,DB2016,71.7
India,DB2015,61.8
India,DB2014,59.1
India,DB2013,
India,DB2012,
India,DB2011,
India,DB2010,
India,DB2009,
India,DB2008,
India - Delhi,DB2018,74.8
India - Delhi,DB2017,74
India - Delhi,DB2016,73.4
India - Delhi,DB2015,63.6
India - Delhi,DB2014,59.5
India - Delhi,DB2013,
India - Delhi,DB2012,
India - Delhi,DB2011,
India - Delhi,DB2010,
India - Delhi,DB2009,
India - Delhi,DB2008,
India - Mumbai,DB2018,72.8
India - Mumbai,DB2017,70.2
India - Mumbai,DB2016,69.8
India - Mumbai,DB2015,59.9
India - Mumbai,DB2014,58.8
India - Mumbai,DB2013,57.8
India - Mumbai,DB2012,56.9
India - Mumbai,DB2011,53.3
India - Mumbai,DB2010,48
India - Mumbai,DB2009,45.7
India - Mumbai,DB2008,42.8
Indonesia,DB2018,76.1
Indonesia,DB2017,74.6
Indonesia,DB2016,65.7
Indonesia,DB2015,64.1
Indonesia,DB2014,59.1
Indonesia,DB2013,
Indonesia,DB2012,
Indonesia,DB2011,
Indonesia,DB2010,
Indonesia,DB2009,
Indonesia,DB2008,
Indonesia - Jakarta,DB2018,76.8
Indonesia - Jakarta,DB2017,75.8
Indonesia - Jakarta,DB2016,66.2
Indonesia - Jakarta,DB2015,64.3
Indonesia - Jakarta,DB2014,58.1
Indonesia - Jakarta,DB2013,67.6
Indonesia - Jakarta,DB2012,67.2
Indonesia - Jakarta,DB2011,64.8
Indonesia - Jakarta,DB2010,61.2
Indonesia - Jakarta,DB2009,47.1
Indonesia - Jakarta,DB2008,43.5
Indonesia - Surabaya,DB2018,73.6
Indonesia - Surabaya,DB2017,70.4
Indonesia - Surabaya,DB2016,63.9
Indonesia - Surabaya,DB2015,63.2
Indonesia - Surabaya,DB2014,62.7
Indonesia - Surabaya,DB2013,
Indonesia - Surabaya,DB2012,
Indonesia - Surabaya,DB2011,
Indonesia - Surabaya,DB2010,
Indonesia - Surabaya,DB2009,
Indonesia - Surabaya,DB2008,
"Iran, Islamic Rep.",DB2018,67.8
"Iran, Islamic Rep.",DB2017,67.8
"Iran, Islamic Rep.",DB2016,67.6
"Iran, Islamic Rep.",DB2015,67.5
"Iran, Islamic Rep.",DB2014,67.3
"Iran, Islamic Rep.",DB2013,67.3
"Iran, Islamic Rep.",DB2012,70.9
"Iran, Islamic Rep.",DB2011,70.9
"Iran, Islamic Rep.",DB2010,71.4
"Iran, Islamic Rep.",DB2009,65.4
"Iran, Islamic Rep.",DB2008,65.3
Iraq,DB2018,75.9
Iraq,DB2017,71.3
Iraq,DB2016,73.5
Iraq,DB2015,74
Iraq,DB2014,73.8
Iraq,DB2013,68.9
Iraq,DB2012,62
Iraq,DB2011,62.7
Iraq,DB2010,67
Iraq,DB2009,57.5
Iraq,DB2008,64.4
Ireland,DB2018,94.4
Ireland,DB2017,94.4
Ireland,DB2016,92.7
Ireland,DB2015,92.7
Ireland,DB2014,91.7
Ireland,DB2013,91.7
Ireland,DB2012,90.9
Ireland,DB2011,90.9
Ireland,DB2010,90.9
Ireland,DB2009,90.9
Ireland,DB2008,90.9
Israel,DB2018,92.6
Israel,DB2017,92.5
Israel,DB2016,90.8
Israel,DB2015,90.8
Israel,DB2014,90.7
Israel,DB2013,89
Israel,DB2012,89.2
Israel,DB2011,89.2
Israel,DB2010,89.2
Israel,DB2009,89.2
Israel,DB2008,89.2
Italy,DB2018,86.8
Italy,DB2017,86.7
Italy,DB2016,86.7
Italy,DB2015,86.6
Italy,DB2014,84.2
Italy,DB2013,84
Italy,DB2012,83.8
Italy,DB2011,83.7
Italy,DB2010,83.8
Italy,DB2009,85.4
Italy,DB2008,80.2
Jamaica,DB2018,97.3
Jamaica,DB2017,95.6
Jamaica,DB2016,97.3
Jamaica,DB2015,94.3
Jamaica,DB2014,91.9
Jamaica,DB2013,90.2
Jamaica,DB2012,90.1
Jamaica,DB2011,90.1
Jamaica,DB2010,90.1
Jamaica,DB2009,89.8
Jamaica,DB2008,89.7
Japan,DB2018,86.1
Japan,DB2017,86.1
Japan,DB2016,86.1
Japan,DB2015,86.1
Japan,DB2014,86
Japan,DB2013,
Japan,DB2012,
Japan,DB2011,
Japan,DB2010,
Japan,DB2009,
Japan,DB2008,
Japan - Osaka,DB2018,86.3
Japan - Osaka,DB2017,86.3
Japan - Osaka,DB2016,86.3
Japan - Osaka,DB2015,86.3
Japan - Osaka,DB2014,86.1
Japan - Osaka,DB2013,
Japan - Osaka,DB2012,
Japan - Osaka,DB2011,
Japan - Osaka,DB2010,
Japan - Osaka,DB2009,
Japan - Osaka,DB2008,
Japan - Tokyo,DB2018,86
Japan - Tokyo,DB2017,86
Japan - Tokyo,DB2016,86
Japan - Tokyo,DB2015,86
Japan - Tokyo,DB2014,85.9
Japan - Tokyo,DB2013,85.9
Japan - Tokyo,DB2012,85.9
Japan - Tokyo,DB2011,83.1
Japan - Tokyo,DB2010,83.1
Japan - Tokyo,DB2009,83.1
Japan - Tokyo,DB2008,83.1
Jordan,DB2018,84.4
Jordan,DB2017,84.8
Jordan,DB2016,85
Jordan,DB2015,85
Jordan,DB2014,84.9
Jordan,DB2013,84.7
Jordan,DB2012,84.7
Jordan,DB2011,83.1
Jordan,DB2010,82.7
Jordan,DB2009,80.1
Jordan,DB2008,57.7
Kazakhstan,DB2018,91.9
Kazakhstan,DB2017,91.9
Kazakhstan,DB2016,90
Kazakhstan,DB2015,87.2
Kazakhstan,DB2014,86.7
Kazakhstan,DB2013,84.9
Kazakhstan,DB2012,84.1
Kazakhstan,DB2011,83.9
Kazakhstan,DB2010,81.8
Kazakhstan,DB2009,79.9
Kazakhstan,DB2008,79.2
Kenya,DB2018,82.2
Kenya,DB2017,79.3
Kenya,DB2016,70
Kenya,DB2015,67.7
Kenya,DB2014,68.4
Kenya,DB2013,68
Kenya,DB2012,65.5
Kenya,DB2011,65.8
Kenya,DB2010,64.6
Kenya,DB2009,65.1
Kenya,DB2008,62.4
Kiribati,DB2018,77.5
Kiribati,DB2017,78.2
Kiribati,DB2016,76.5
Kiribati,DB2015,76.7
Kiribati,DB2014,76.3
Kiribati,DB2013,76.4
Kiribati,DB2012,76.4
Kiribati,DB2011,76.3
Kiribati,DB2010,76.5
Kiribati,DB2009,73.4
Kiribati,DB2008,74.3
"Korea, Rep.",DB2018,93.4
"Korea, Rep.",DB2017,93.4
"Korea, Rep.",DB2016,91.9
"Korea, Rep.",DB2015,91.9
"Korea, Rep.",DB2014,91.9
"Korea, Rep.",DB2013,91.9
"Korea, Rep.",DB2012,88.7
"Korea, Rep.",DB2011,84.5
"Korea, Rep.",DB2010,84.5
"Korea, Rep.",DB2009,63.7
"Korea, Rep.",DB2008,62
Kosovo,DB2018,95.7
Kosovo,DB2017,95.5
Kosovo,DB2016,93.1
Kosovo,DB2015,93.1
Kosovo,DB2014,84.2
Kosovo,DB2013,74.1
Kosovo,DB2012,62.4
Kosovo,DB2011,61.7
Kosovo,DB2010,65.5
Kosovo,DB2009,
Kosovo,DB2008,
Kuwait,DB2018,77.2
Kuwait,DB2017,66.8
Kuwait,DB2016,74.5
Kuwait,DB2015,70.4
Kuwait,DB2014,70
Kuwait,DB2013,71.4
Kuwait,DB2012,70.4
Kuwait,DB2011,67.5
Kuwait,DB2010,69
Kuwait,DB2009,67.5
Kuwait,DB2008,66.4
Kyrgyz Republic,DB2018,92.9
Kyrgyz Republic,DB2017,92.9
Kyrgyz Republic,DB2016,92.9
Kyrgyz Republic,DB2015,92.9
Kyrgyz Republic,DB2014,92.9
Kyrgyz Republic,DB2013,91.8
Kyrgyz Republic,DB2012,91.8
Kyrgyz Republic,DB2011,91.7
Kyrgyz Republic,DB2010,89.8
Kyrgyz Republic,DB2009,87
Kyrgyz Republic,DB2008,81.8
Lao PDR,DB2018,60.9
Lao PDR,DB2017,60.6
Lao PDR,DB2016,60.5
Lao PDR,DB2015,64.9
Lao PDR,DB2014,64.7
Lao PDR,DB2013,65
Lao PDR,DB2012,65.9
Lao PDR,DB2011,62.1
Lao PDR,DB2010,62
Lao PDR,DB2009,61.6
Lao PDR,DB2008,61.1
Latvia,DB2018,94.1
Latvia,DB2017,94.1
Latvia,DB2016,94.1
Latvia,DB2015,92
Latvia,DB2014,92.3
Latvia,DB2013,91.5
Latvia,DB2012,91.5
Latvia,DB2011,89.2
Latvia,DB2010,89.2
Latvia,DB2009,89
Latvia,DB2008,88.5
Lebanon,DB2018,78.2
Lebanon,DB2017,78.5
Lebanon,DB2016,79.7
Lebanon,DB2015,79.8
Lebanon,DB2014,79.5
Lebanon,DB2013,79.4
Lebanon,DB2012,75.5
Lebanon,DB2011,74.2
Lebanon,DB2010,73.1
Lebanon,DB2009,70.8
Lebanon,DB2008,59.5
Lesotho,DB2018,83.1
Lesotho,DB2017,83
Lesotho,DB2016,82.9
Lesotho,DB2015,82.8
Lesotho,DB2014,82.6
Lesotho,DB2013,82.4
Lesotho,DB2012,77.7
Lesotho,DB2011,77.5
Lesotho,DB2010,77.4
Lesotho,DB2009,75.9
Lesotho,DB2008,65.9
Liberia,DB2018,90.8
Liberia,DB2017,90.6
Liberia,DB2016,90.6
Liberia,DB2015,90.6
Liberia,DB2014,90.3
Liberia,DB2013,85.9
Liberia,DB2012,83.9
Liberia,DB2011,76.5
Liberia,DB2010,76.8
Liberia,DB2009,70.5
Liberia,DB2008,43.1
Libya,DB2018,71.7
Libya,DB2017,71.5
Libya,DB2016,72.6
Libya,DB2015,74.3
Libya,DB2014,74.5
Libya,DB2013,71.4
Libya,DB2012,
Libya,DB2011,
Libya,DB2010,
Libya,DB2009,
Libya,DB2008,
Lithuania,DB2018,93.1
Lithuania,DB2017,93
Lithuania,DB2016,92.9
Lithuania,DB2015,92.4
Lithuania,DB2014,90.1
Lithuania,DB2013,84.3
Lithuania,DB2012,84.7
Lithuania,DB2011,84.6
Lithuania,DB2010,82.5
Lithuania,DB2009,82.2
Lithuania,DB2008,81.5
Luxembourg,DB2018,88.8
Luxembourg,DB2017,88.7
Luxembourg,DB2016,88.4
Luxembourg,DB2015,88.4
Luxembourg,DB2014,88.6
Luxembourg,DB2013,88.6
Luxembourg,DB2012,88.5
Luxembourg,DB2011,88.3
Luxembourg,DB2010,87.2
Luxembourg,DB2009,86.1
Luxembourg,DB2008,85.6
Madagascar,DB2018,87.8
Madagascar,DB2017,81.8
Madagascar,DB2016,78.2
Madagascar,DB2015,79.7
Madagascar,DB2014,79.5
Madagascar,DB2013,79.4
Madagascar,DB2012,79.2
Madagascar,DB2011,63
Madagascar,DB2010,66.6
Madagascar,DB2009,59.4
Madagascar,DB2008,55.6
Malawi,DB2018,76.4
Malawi,DB2017,76.7
Malawi,DB2016,69.7
Malawi,DB2015,67
Malawi,DB2014,61.8
Malawi,DB2013,60
Malawi,DB2012,66.5
Malawi,DB2011,64.3
Malawi,DB2010,64.3
Malawi,DB2009,61.9
Malawi,DB2008,54
Malaysia,DB2018,80.1
Malaysia,DB2017,80
Malaysia,DB2016,89.3
Malaysia,DB2015,89.3
Malaysia,DB2014,88.7
Malaysia,DB2013,87.8
Malaysia,DB2012,87.9
Malaysia,DB2011,81
Malaysia,DB2010,79.6
Malaysia,DB2009,78.6
Malaysia,DB2008,75.4
Maldives,DB2018,89.1
Maldives,DB2017,89
Maldives,DB2016,89
Maldives,DB2015,88.8
Maldives,DB2014,88.8
Maldives,DB2013,88.9
Maldives,DB2012,88.4
Maldives,DB2011,88.3
Maldives,DB2010,88.3
Maldives,DB2009,90.2
Maldives,DB2008,89.9
Mali,DB2018,83.8
Mali,DB2017,84.1
Mali,DB2016,66
Mali,DB2015,62.9
Mali,DB2014,63.4
Mali,DB2013,62.2
Mali,DB2012,60.6
Mali,DB2011,61.6
Mali,DB2010,59
Mali,DB2009,43.3
Mali,DB2008,41.2
Malta,DB2018,84.8
Malta,DB2017,80.2
Malta,DB2016,78
Malta,DB2015,76.6
Malta,DB2014,75.2
Malta,DB2013,75.7
Malta,DB2012,75.6
Malta,DB2011,
Malta,DB2010,
Malta,DB2009,
Malta,DB2008,
Marshall Islands,DB2018,88.5
Marshall Islands,DB2017,88.4
Marshall Islands,DB2016,88.4
Marshall Islands,DB2015,88.4
Marshall Islands,DB2014,88.4
Marshall Islands,DB2013,88.3
Marshall Islands,DB2012,87.8
Marshall Islands,DB2011,87.8
Marshall Islands,DB2010,87.9
Marshall Islands,DB2009,87.8
Marshall Islands,DB2008,87.8
Mauritania,DB2018,91.8
Mauritania,DB2017,86.9
Mauritania,DB2016,86.9
Mauritania,DB2015,66
Mauritania,DB2014,58.2
Mauritania,DB2013,57.1
Mauritania,DB2012,56.6
Mauritania,DB2011,51.6
Mauritania,DB2010,51.2
Mauritania,DB2009,51.5
Mauritania,DB2008,37.4
Mauritius,DB2018,92
Mauritius,DB2017,91.6
Mauritius,DB2016,91.6
Mauritius,DB2015,91.6
Mauritius,DB2014,91.4
Mauritius,DB2013,91.5
Mauritius,DB2012,91.4
Mauritius,DB2011,91.4
Mauritius,DB2010,91.4
Mauritius,DB2009,91.2
Mauritius,DB2008,89.5
Mexico,DB2018,85.8
Mexico,DB2017,85.7
Mexico,DB2016,86.9
Mexico,DB2015,86.8
Mexico,DB2014,86.9
Mexico,DB2013,
Mexico,DB2012,
Mexico,DB2011,
Mexico,DB2010,
Mexico,DB2009,
Mexico,DB2008,
Mexico - Mexico City,DB2018,85.4
Mexico - Mexico City,DB2017,85.3
Mexico - Mexico City,DB2016,86.7
Mexico - Mexico City,DB2015,86.6
Mexico - Mexico City,DB2014,86.7
Mexico - Mexico City,DB2013,86.6
Mexico - Mexico City,DB2012,86.3
Mexico - Mexico City,DB2011,86
Mexico - Mexico City,DB2010,84.4
Mexico - Mexico City,DB2009,82.3
Mexico - Mexico City,DB2008,84
Mexico - Monterrey,DB2018,87.9
Mexico - Monterrey,DB2017,87.9
Mexico - Monterrey,DB2016,87.8
Mexico - Monterrey,DB2015,87.8
Mexico - Monterrey,DB2014,87.8
Mexico - Monterrey,DB2013,
Mexico - Monterrey,DB2012,
Mexico - Monterrey,DB2011,
Mexico - Monterrey,DB2010,
Mexico - Monterrey,DB2009,
Mexico - Monterrey,DB2008,
"Micronesia, Fed. Sts.",DB2018,69.6
"Micronesia, Fed. Sts.",DB2017,69.7
"Micronesia, Fed. Sts.",DB2016,69.6
"Micronesia, Fed. Sts.",DB2015,69.6
"Micronesia, Fed. Sts.",DB2014,69.7
"Micronesia, Fed. Sts.",DB2013,69.8
"Micronesia, Fed. Sts.",DB2012,69.9
"Micronesia, Fed. Sts.",DB2011,70.1
"Micronesia, Fed. Sts.",DB2010,70.3
"Micronesia, Fed. Sts.",DB2009,70.1
"Micronesia, Fed. Sts.",DB2008,70.2
Moldova,DB2018,93.8
Moldova,DB2017,92
Moldova,DB2016,92.2
Moldova,DB2015,90.4
Moldova,DB2014,88.4
Moldova,DB2013,86.3
Moldova,DB2012,86.1
Moldova,DB2011,84.1
Moldova,DB2010,84.3
Moldova,DB2009,80.9
Moldova,DB2008,78.8
Mongolia,DB2018,86.6
Mongolia,DB2017,86.6
Mongolia,DB2016,86.6
Mongolia,DB2015,87.1
Mongolia,DB2014,87.1
Mongolia,DB2013,85.5
Mongolia,DB2012,82.9
Mongolia,DB2011,82.2
Mongolia,DB2010,82.4
Mongolia,DB2009,81.4
Mongolia,DB2008,78.7
Montenegro,DB2018,86.6
Montenegro,DB2017,86.6
Montenegro,DB2016,86.6
Montenegro,DB2015,86.6
Montenegro,DB2014,86.6
Montenegro,DB2013,86.6
Montenegro,DB2012,86.6
Montenegro,DB2011,85.1
Montenegro,DB2010,78.6
Montenegro,DB2009,73.2
Montenegro,DB2008,72.2
Morocco,DB2018,92.5
Morocco,DB2017,90.7
Morocco,DB2016,90.5
Morocco,DB2015,88.7
Morocco,DB2014,88.7
Morocco,DB2013,87.1
Morocco,DB2012,86.4
Morocco,DB2011,86.3
Morocco,DB2010,86.2
Morocco,DB2009,86
Morocco,DB2008,85.6
Mozambique,DB2018,71
Mozambique,DB2017,73.5
Mozambique,DB2016,74.4
Mozambique,DB2015,75.9
Mozambique,DB2014,75.3
Mozambique,DB2013,75
Mozambique,DB2012,75.6
Mozambique,DB2011,74.5
Mozambique,DB2010,69.8
Mozambique,DB2009,60.9
Mozambique,DB2008,62.4
Myanmar,DB2018,75.4
Myanmar,DB2017,75.3
Myanmar,DB2016,64.7
Myanmar,DB2015,17.7
Myanmar,DB2014,16.6
Myanmar,DB2013,15.5
Myanmar,DB2012,
Myanmar,DB2011,
Myanmar,DB2010,
Myanmar,DB2009,
Myanmar,DB2008,
Namibia,DB2018,71.9
Namibia,DB2017,68.9
Namibia,DB2016,68.9
Namibia,DB2015,68.7
Namibia,DB2014,68.5
Namibia,DB2013,68
Namibia,DB2012,68.2
Namibia,DB2011,68
Namibia,DB2010,67.8
Namibia,DB2009,67.5
Namibia,DB2008,59.2
Nepal,DB2018,81.8
Nepal,DB2017,83.8
Nepal,DB2016,83.5
Nepal,DB2015,83
Nepal,DB2014,82.7
Nepal,DB2013,79.9
Nepal,DB2012,79.3
Nepal,DB2011,77.7
Nepal,DB2010,76.8
Nepal,DB2009,76
Nepal,DB2008,74.3
Netherlands,DB2018,94.3
Netherlands,DB2017,94.3
Netherlands,DB2016,94.3
Netherlands,DB2015,94.2
Netherlands,DB2014,94.1
Netherlands,DB2013,89.3
Netherlands,DB2012,86.9
Netherlands,DB2011,86.8
Netherlands,DB2010,87
Netherlands,DB2009,86.8
Netherlands,DB2008,86.7
New Zealand,DB2018,100
New Zealand,DB2017,100
New Zealand,DB2016,100
New Zealand,DB2015,100
New Zealand,DB2014,100
New Zealand,DB2013,100
New Zealand,DB2012,100
New Zealand,DB2011,100
New Zealand,DB2010,99.9
New Zealand,DB2009,100
New Zealand,DB2008,95.6
Nicaragua,DB2018,79.6
Nicaragua,DB2017,79.3
Nicaragua,DB2016,78.8
Nicaragua,DB2015,78.5
Nicaragua,DB2014,70.9
Nicaragua,DB2013,67.5
Nicaragua,DB2012,66.5
Nicaragua,DB2011,66
Nicaragua,DB2010,66.8
Nicaragua,DB2009,65.6
Nicaragua,DB2008,65.8
Niger,DB2018,91.9
Niger,DB2017,84.4
Niger,DB2016,75.9
Niger,DB2015,52.7
Niger,DB2014,51.8
Niger,DB2013,43.3
Niger,DB2012,43.1
Niger,DB2011,42.5
Niger,DB2010,42.5
Niger,DB2009,32.7
Niger,DB2008,31.1
Nigeria,DB2018,80.8
Nigeria,DB2017,79
Nigeria,DB2016,77.6
Nigeria,DB2015,77.4
Nigeria,DB2014,74.2
Nigeria,DB2013,
Nigeria,DB2012,
Nigeria,DB2011,
Nigeria,DB2010,
Nigeria,DB2009,
Nigeria,DB2008,
Nigeria - Kano,DB2018,77.7
Nigeria - Kano,DB2017,76
Nigeria - Kano,DB2016,73.4
Nigeria - Kano,DB2015,73.2
Nigeria - Kano,DB2014,69.9
Nigeria - Kano,DB2013,
Nigeria - Kano,DB2012,
Nigeria - Kano,DB2011,
Nigeria - Kano,DB2010,
Nigeria - Kano,DB2009,
Nigeria - Kano,DB2008,
Nigeria - Lagos,DB2018,81.7
Nigeria - Lagos,DB2017,79.9
Nigeria - Lagos,DB2016,78.9
Nigeria - Lagos,DB2015,78.6
Nigeria - Lagos,DB2014,75.5
Nigeria - Lagos,DB2013,74.9
Nigeria - Lagos,DB2012,74.2
Nigeria - Lagos,DB2011,74.1
Nigeria - Lagos,DB2010,74.3
Nigeria - Lagos,DB2009,73.5
Nigeria - Lagos,DB2008,66
North Macedonia,DB2018,88.6
North Macedonia,DB2017,89
North Macedonia,DB2016,89
North Macedonia,DB2015,89
North Macedonia,DB2014,88.8
North Macedonia,DB2013,90.3
North Macedonia,DB2012,88.5
North Macedonia,DB2011,88.5
North Macedonia,DB2010,86.8
North Macedonia,DB2009,81
North Macedonia,DB2008,76.2
Norway,DB2018,94.3
Norway,DB2017,94.3
Norway,DB2016,94.3
Norway,DB2015,94
Norway,DB2014,92.2
Norway,DB2013,92.2
Norway,DB2012,91.3
Norway,DB2011,91.3
Norway,DB2010,91.3
Norway,DB2009,91.2
Norway,DB2008,90.5
Oman,DB2018,93.5
Oman,DB2017,91.1
Oman,DB2016,70.7
Oman,DB2015,75
Oman,DB2014,74.8
Oman,DB2013,73.9
Oman,DB2012,70.8
Oman,DB2011,68.7
Oman,DB2010,69.8
Oman,DB2009,58.3
Oman,DB2008,47.5
Pakistan,DB2018,76.6
Pakistan,DB2017,75.8
Pakistan,DB2016,75.7
Pakistan,DB2015,75.6
Pakistan,DB2014,75.4
Pakistan,DB2013,
Pakistan,DB2012,
Pakistan,DB2011,
Pakistan,DB2010,
Pakistan,DB2009,
Pakistan,DB2008,
Pakistan - Karachi,DB2018,76.6
Pakistan - Karachi,DB2017,75.8
Pakistan - Karachi,DB2016,75.7
Pakistan - Karachi,DB2015,75.6
Pakistan - Karachi,DB2014,75.4
Pakistan - Karachi,DB2013,75.4
Pakistan - Karachi,DB2012,75.2
Pakistan - Karachi,DB2011,74.9
Pakistan - Karachi,DB2010,75.1
Pakistan - Karachi,DB2009,74.7
Pakistan - Karachi,DB2008,74.5
Pakistan - Lahore,DB2018,76.6
Pakistan - Lahore,DB2017,75.8
Pakistan - Lahore,DB2016,75.7
Pakistan - Lahore,DB2015,75.6
Pakistan - Lahore,DB2014,75.4
Pakistan - Lahore,DB2013,
Pakistan - Lahore,DB2012,
Pakistan - Lahore,DB2011,
Pakistan - Lahore,DB2010,
Pakistan - Lahore,DB2009,
Pakistan - Lahore,DB2008,
Palau,DB2018,82
Palau,DB2017,82
Palau,DB2016,81.8
Palau,DB2015,81.8
Palau,DB2014,81.7
Palau,DB2013,81.3
Palau,DB2012,81.1
Palau,DB2011,81.1
Palau,DB2010,81.6
Palau,DB2009,81.5
Palau,DB2008,81.4
Panama,DB2018,91.9
Panama,DB2017,91.9
Panama,DB2016,91.9
Panama,DB2015,91.9
Panama,DB2014,91.8
Panama,DB2013,89.8
Panama,DB2012,89.5
Panama,DB2011,89.2
Panama,DB2010,88.5
Panama,DB2009,88.3
Panama,DB2008,86.6
Papua New Guinea,DB2018,79.9
Papua New Guinea,DB2017,80.5
Papua New Guinea,DB2016,77.3
Papua New Guinea,DB2015,77
Papua New Guinea,DB2014,77
Papua New Guinea,DB2013,77.1
Papua New Guinea,DB2012,76.7
Papua New Guinea,DB2011,76.3
Papua New Guinea,DB2010,77.3
Papua New Guinea,DB2009,77
Papua New Guinea,DB2008,76.7
Paraguay,DB2018,75.2
Paraguay,DB2017,75.2
Paraguay,DB2016,75.3
Paraguay,DB2015,75.3
Paraguay,DB2014,75
Paraguay,DB2013,74.9
Paraguay,DB2012,74.9
Paraguay,DB2011,74.5
Paraguay,DB2010,74.7
Paraguay,DB2009,74.2
Paraguay,DB2008,76.5
Peru,DB2018,78.6
Peru,DB2017,78.6
Peru,DB2016,78.2
Peru,DB2015,77.7
Peru,DB2014,77.6
Peru,DB2013,77.5
Peru,DB2012,77.3
Peru,DB2011,75.6
Peru,DB2010,74.6
Peru,DB2009,65.4
Peru,DB2008,63.2
Philippines,DB2018,64.2
Philippines,DB2017,67.6
Philippines,DB2016,67.6
Philippines,DB2015,67.2
Philippines,DB2014,66.2
Philippines,DB2013,66.1
Philippines,DB2012,66
Philippines,DB2011,63.8
Philippines,DB2010,62.6
Philippines,DB2009,63.9
Philippines,DB2008,63.3
Poland,DB2018,82.8
Poland,DB2017,82.8
Poland,DB2016,82.7
Poland,DB2015,82.6
Poland,DB2014,82.5
Poland,DB2013,79
Poland,DB2012,78.6
Poland,DB2011,78.5
Poland,DB2010,78.5
Poland,DB2009,61.4
Poland,DB2008,59.4
Portugal,DB2018,90.9
Portugal,DB2017,91
Portugal,DB2016,91
Portugal,DB2015,91
Portugal,DB2014,92.4
Portugal,DB2013,90.7
Portugal,DB2012,90.7
Portugal,DB2011,88.1
Portugal,DB2010,88.1
Portugal,DB2009,88.1
Portugal,DB2008,86.3
Puerto Rico,DB2018,91.3
Puerto Rico,DB2017,91.2
Puerto Rico,DB2016,91.1
Puerto Rico,DB2015,91.1
Puerto Rico,DB2014,91.1
Puerto Rico,DB2013,91.1
Puerto Rico,DB2012,91.1
Puerto Rico,DB2011,89.3
Puerto Rico,DB2010,89.3
Puerto Rico,DB2009,89.3
Puerto Rico,DB2008,89.3
Qatar,DB2018,84.3
Qatar,DB2017,84.4
Qatar,DB2016,80.6
Qatar,DB2015,80.6
Qatar,DB2014,80.6
Qatar,DB2013,80.7
Qatar,DB2012,79.5
Qatar,DB2011,76.9
Qatar,DB2010,82.3
Qatar,DB2009,81.2
Qatar,DB2008,81.2
Romania,DB2018,89.7
Romania,DB2017,89.5
Romania,DB2016,90.5
Romania,DB2015,90.4
Romania,DB2014,90.4
Romania,DB2013,88.9
Romania,DB2012,87.8
Romania,DB2011,90.4
Romania,DB2010,90.3
Romania,DB2009,90.2
Romania,DB2008,90.1
Russian Federation,DB2018,93
Russian Federation,DB2017,93
Russian Federation,DB2016,91.8
Russian Federation,DB2015,91.6
Russian Federation,DB2014,88.6
Russian Federation,DB2013,
Russian Federation,DB2012,
Russian Federation,DB2011,
Russian Federation,DB2010,
Russian Federation,DB2009,
Russian Federation,DB2008,
Russian Federation - Moscow,DB2018,92.8
Russian Federation - Moscow,DB2017,92.8
Russian Federation - Moscow,DB2016,91.1
Russian Federation - Moscow,DB2015,90.8
Russian Federation - Moscow,DB2014,87.3
Russian Federation - Moscow,DB2013,84.9
Russian Federation - Moscow,DB2012,82.1
Russian Federation - Moscow,DB2011,82.1
Russian Federation - Moscow,DB2010,82.2
Russian Federation - Moscow,DB2009,82
Russian Federation - Moscow,DB2008,81.7
Russian Federation - Saint Petersburg,DB2018,93.6
Russian Federation - Saint Petersburg,DB2017,93.6
Russian Federation - Saint Petersburg,DB2016,93.5
Russian Federation - Saint Petersburg,DB2015,93.5
Russian Federation - Saint Petersburg,DB2014,91.7
Russian Federation - Saint Petersburg,DB2013,
Russian Federation - Saint Petersburg,DB2012,
Russian Federation - Saint Petersburg,DB2011,
Russian Federation - Saint Petersburg,DB2010,
Russian Federation - Saint Petersburg,DB2009,
Russian Federation - Saint Petersburg,DB2008,
Rwanda,DB2018,87.7
Rwanda,DB2017,87.2
Rwanda,DB2016,82.9
Rwanda,DB2015,80.6
Rwanda,DB2014,85.7
Rwanda,DB2013,85.5
Rwanda,DB2012,90.4
Rwanda,DB2011,89.9
Rwanda,DB2010,89.8
Rwanda,DB2009,72.7
Rwanda,DB2008,62.9
Samoa,DB2018,92.5
Samoa,DB2017,92.5
Samoa,DB2016,92.5
Samoa,DB2015,92.3
Samoa,DB2014,92.3
Samoa,DB2013,92.3
Samoa,DB2012,92.2
Samoa,DB2011,92.2
Samoa,DB2010,92.2
Samoa,DB2009,76.1
Samoa,DB2008,75.9
San Marino,DB2018,83.6
San Marino,DB2017,83.8
San Marino,DB2016,83.7
San Marino,DB2015,77.8
San Marino,DB2014,75.2
San Marino,DB2013,75.4
San Marino,DB2012,
San Marino,DB2011,
San Marino,DB2010,
San Marino,DB2009,
San Marino,DB2008,
S?o Tom‚ and Pr¡ncipe,DB2018,77.3
S?o Tom‚ and Pr¡ncipe,DB2017,75.3
S?o Tom‚ and Pr¡ncipe,DB2016,73.8
S?o Tom‚ and Pr¡ncipe,DB2015,72.9
S?o Tom‚ and Pr¡ncipe,DB2014,69.3
S?o Tom‚ and Pr¡ncipe,DB2013,69
S?o Tom‚ and Pr¡ncipe,DB2012,64.6
S?o Tom‚ and Pr¡ncipe,DB2011,23.6
S?o Tom‚ and Pr¡ncipe,DB2010,48
S?o Tom‚ and Pr¡ncipe,DB2009,45.8
S?o Tom‚ and Pr¡ncipe,DB2008,43.7
Saudi Arabia,DB2018,80
Saudi Arabia,DB2017,75.4
Saudi Arabia,DB2016,74.4
Saudi Arabia,DB2015,74
Saudi Arabia,DB2014,73.9
Saudi Arabia,DB2013,74
Saudi Arabia,DB2012,73
Saudi Arabia,DB2011,72.8
Saudi Arabia,DB2010,73.1
Saudi Arabia,DB2009,73.3
Saudi Arabia,DB2008,71.8
Senegal,DB2018,89.7
Senegal,DB2017,86.1
Senegal,DB2016,86
Senegal,DB2015,85
Senegal,DB2014,74.2
Senegal,DB2013,74.1
Senegal,DB2012,73
Senegal,DB2011,71.3
Senegal,DB2010,71.1
Senegal,DB2009,68.1
Senegal,DB2008,41.5
Serbia,DB2018,92.6
Serbia,DB2017,91.8
Serbia,DB2016,89.1
Serbia,DB2015,89
Serbia,DB2014,88.9
Serbia,DB2013,88.8
Serbia,DB2012,86.7
Serbia,DB2011,86.7
Serbia,DB2010,86.8
Serbia,DB2009,78.3
Serbia,DB2008,78
Seychelles,DB2018,78.7
Seychelles,DB2017,78.6
Seychelles,DB2016,78.5
Seychelles,DB2015,78.4
Seychelles,DB2014,78.3
Seychelles,DB2013,76.9
Seychelles,DB2012,76.7
Seychelles,DB2011,76.5
Seychelles,DB2010,76.2
Seychelles,DB2009,75.2
Seychelles,DB2008,74.9
Sierra Leone,DB2018,90.9
Sierra Leone,DB2017,91.2
Sierra Leone,DB2016,84.7
Sierra Leone,DB2015,84.5
Sierra Leone,DB2014,83.7
Sierra Leone,DB2013,78.7
Sierra Leone,DB2012,76.9
Sierra Leone,DB2011,74.5
Sierra Leone,DB2010,73.4
Sierra Leone,DB2009,68.4
Sierra Leone,DB2008,56.1
Singapore,DB2018,96.5
Singapore,DB2017,96.5
Singapore,DB2016,96.5
Singapore,DB2015,96.5
Singapore,DB2014,96.5
Singapore,DB2013,96.5
Singapore,DB2012,96.5
Singapore,DB2011,96.5
Singapore,DB2010,96.5
Singapore,DB2009,94.7
Singapore,DB2008,92.9
Slovak Republic,DB2018,82
Slovak Republic,DB2017,81.9
Slovak Republic,DB2016,81.8
Slovak Republic,DB2015,80.3
Slovak Republic,DB2014,78.5
Slovak Republic,DB2013,81.1
Slovak Republic,DB2012,81.1
Slovak Republic,DB2011,81
Slovak Republic,DB2010,80.9
Slovak Republic,DB2009,80.4
Slovak Republic,DB2008,74.9
Slovenia,DB2018,94.7
Slovenia,DB2017,94.6
Slovenia,DB2016,94.5
Slovenia,DB2015,94.4
Slovenia,DB2014,94.4
Slovenia,DB2013,94.4
Slovenia,DB2012,94.4
Slovenia,DB2011,94.3
Slovenia,DB2010,93
Slovenia,DB2009,83.2
Slovenia,DB2008,65.8
Solomon Islands,DB2018,85.4
Solomon Islands,DB2017,85.5
Solomon Islands,DB2016,85.1
Solomon Islands,DB2015,84.6
Solomon Islands,DB2014,83.1
Solomon Islands,DB2013,83.6
Solomon Islands,DB2012,74.2
Solomon Islands,DB2011,67.7
Solomon Islands,DB2010,68.7
Solomon Islands,DB2009,65.8
Solomon Islands,DB2008,64.8
Somalia,DB2018,45.8
Somalia,DB2017,48.7
Somalia,DB2016,48.3
Somalia,DB2015,
Somalia,DB2014,
Somalia,DB2013,
Somalia,DB2012,
Somalia,DB2011,
Somalia,DB2010,
Somalia,DB2009,
Somalia,DB2008,
South Africa,DB2018,80
South Africa,DB2017,80
South Africa,DB2016,79.7
South Africa,DB2015,79.7
South Africa,DB2014,81.4
South Africa,DB2013,81.4
South Africa,DB2012,81.4
South Africa,DB2011,80.7
South Africa,DB2010,80.7
South Africa,DB2009,80.7
South Africa,DB2008,75.6
South Sudan,DB2018,55.7
South Sudan,DB2017,54
South Sudan,DB2016,54
South Sudan,DB2015,54
South Sudan,DB2014,54
South Sudan,DB2013,54.9
South Sudan,DB2012,
South Sudan,DB2011,
South Sudan,DB2010,
South Sudan,DB2009,
South Sudan,DB2008,
Spain,DB2018,86.7
Spain,DB2017,86.7
Spain,DB2016,86.4
Spain,DB2015,86.4
Spain,DB2014,77.9
Spain,DB2013,76.4
Spain,DB2012,78.2
Spain,DB2011,71.1
Spain,DB2010,68.9
Spain,DB2009,68.9
Spain,DB2008,69.1
Sri Lanka,DB2018,87.7
Sri Lanka,DB2017,87.5
Sri Lanka,DB2016,85
Sri Lanka,DB2015,83
Sri Lanka,DB2014,82.3
Sri Lanka,DB2013,82.3
Sri Lanka,DB2012,75.8
Sri Lanka,DB2011,74.6
Sri Lanka,DB2010,72.1
Sri Lanka,DB2009,71.4
Sri Lanka,DB2008,75.3
St. Kitts and Nevis,DB2018,85.8
St. Kitts and Nevis,DB2017,85.8
St. Kitts and Nevis,DB2016,85.7
St. Kitts and Nevis,DB2015,85.6
St. Kitts and Nevis,DB2014,85.6
St. Kitts and Nevis,DB2013,85.4
St. Kitts and Nevis,DB2012,85.1
St. Kitts and Nevis,DB2011,85.1
St. Kitts and Nevis,DB2010,85.1
St. Kitts and Nevis,DB2009,85
St. Kitts and Nevis,DB2008,83.9
St. Lucia,DB2018,88.8
St. Lucia,DB2017,88.8
St. Lucia,DB2016,88.7
St. Lucia,DB2015,88.6
St. Lucia,DB2014,89.2
St. Lucia,DB2013,89.3
St. Lucia,DB2012,88.4
St. Lucia,DB2011,87.8
St. Lucia,DB2010,88
St. Lucia,DB2009,84.9
St. Lucia,DB2008,84.8
St. Vincent and the Grenadines,DB2018,86.8
St. Vincent and the Grenadines,DB2017,86.8
St. Vincent and the Grenadines,DB2016,86.7
St. Vincent and the Grenadines,DB2015,86.7
St. Vincent and the Grenadines,DB2014,86.6
St. Vincent and the Grenadines,DB2013,86.5
St. Vincent and the Grenadines,DB2012,86
St. Vincent and the Grenadines,DB2011,86.1
St. Vincent and the Grenadines,DB2010,85.9
St. Vincent and the Grenadines,DB2009,83.5
St. Vincent and the Grenadines,DB2008,83.2
Sudan,DB2018,73.5
Sudan,DB2017,73.2
Sudan,DB2016,75.1
Sudan,DB2015,73.8
Sudan,DB2014,73.5
Sudan,DB2013,73.5
Sudan,DB2012,71.5
Sudan,DB2011,70.9
Sudan,DB2010,72.3
Sudan,DB2009,70.1
Sudan,DB2008,69.3
Suriname,DB2018,61.5
Suriname,DB2017,61.2
Suriname,DB2016,48.8
Suriname,DB2015,48.8
Suriname,DB2014,44.6
Suriname,DB2013,44.2
Suriname,DB2012,43.7
Suriname,DB2011,43
Suriname,DB2010,42.7
Suriname,DB2009,42.3
Suriname,DB2008,40.1
Sweden,DB2018,94.7
Sweden,DB2017,94.6
Sweden,DB2016,94.6
Sweden,DB2015,92.3
Sweden,DB2014,92.3
Sweden,DB2013,92.3
Sweden,DB2012,92.2
Sweden,DB2011,92.2
Sweden,DB2010,91.3
Sweden,DB2009,91.2
Sweden,DB2008,91.1
Switzerland,DB2018,88.4
Switzerland,DB2017,88.4
Switzerland,DB2016,88.4
Switzerland,DB2015,88.4
Switzerland,DB2014,86.4
Switzerland,DB2013,86.3
Switzerland,DB2012,86.3
Switzerland,DB2011,86.3
Switzerland,DB2010,86.3
Switzerland,DB2009,86.2
Switzerland,DB2008,87.1
Syrian Arab Republic,DB2018,80.4
Syrian Arab Republic,DB2017,78.9
Syrian Arab Republic,DB2016,78.9
Syrian Arab Republic,DB2015,68.4
Syrian Arab Republic,DB2014,71.8
Syrian Arab Republic,DB2013,66.1
Syrian Arab Republic,DB2012,65.1
Syrian Arab Republic,DB2011,60.2
Syrian Arab Republic,DB2010,58.2
Syrian Arab Republic,DB2009,57.7
Syrian Arab Republic,DB2008,38.8
"Taiwan, China",DB2018,94.4
"Taiwan, China",DB2017,94.4
"Taiwan, China",DB2016,94.4
"Taiwan, China",DB2015,94.4
"Taiwan, China",DB2014,94.4
"Taiwan, China",DB2013,94.4
"Taiwan, China",DB2012,94.4
"Taiwan, China",DB2011,88.5
"Taiwan, China",DB2010,86.8
"Taiwan, China",DB2009,68.2
"Taiwan, China",DB2008,66.1
Tajikistan,DB2018,90.8
Tajikistan,DB2017,86.9
Tajikistan,DB2016,90.3
Tajikistan,DB2015,85.8
Tajikistan,DB2014,85.5
Tajikistan,DB2013,87.6
Tajikistan,DB2012,86.8
Tajikistan,DB2011,80.7
Tajikistan,DB2010,69.7
Tajikistan,DB2009,48.9
Tajikistan,DB2008,41.5
Tanzania,DB2018,72.1
Tanzania,DB2017,71.4
Tanzania,DB2016,68.5
Tanzania,DB2015,68.9
Tanzania,DB2014,68.7
Tanzania,DB2013,67.3
Tanzania,DB2012,64.3
Tanzania,DB2011,63.4
Tanzania,DB2010,60.9
Tanzania,DB2009,59
Tanzania,DB2008,56.5
Thailand,DB2018,92
Thailand,DB2017,84.7
Thailand,DB2016,82.7
Thailand,DB2015,82.7
Thailand,DB2014,82.7
Thailand,DB2013,82.7
Thailand,DB2012,80.9
Thailand,DB2011,78.9
Thailand,DB2010,77.7
Thailand,DB2009,76.3
Thailand,DB2008,76.1
Timor-Leste,DB2018,72.6
Timor-Leste,DB2017,74.4
Timor-Leste,DB2016,80.9
Timor-Leste,DB2015,81
Timor-Leste,DB2014,58.1
Timor-Leste,DB2013,57.9
Timor-Leste,DB2012,52.1
Timor-Leste,DB2011,45.6
Timor-Leste,DB2010,41.9
Timor-Leste,DB2009,38.7
Timor-Leste,DB2008,33.7
Togo,DB2018,82.5
Togo,DB2017,81.7
Togo,DB2016,78.4
Togo,DB2015,76.1
Togo,DB2014,47.1
Togo,DB2013,40.4
Togo,DB2012,23
Togo,DB2011,22.9
Togo,DB2010,20.2
Togo,DB2009,17.4
Togo,DB2008,17.4
Tonga,DB2018,90.8
Tonga,DB2017,90.8
Tonga,DB2016,90.8
Tonga,DB2015,90.8
Tonga,DB2014,90.8
Tonga,DB2013,90.7
Tonga,DB2012,90.4
Tonga,DB2011,88.6
Tonga,DB2010,88.4
Tonga,DB2009,88.2
Tonga,DB2008,86.3
Trinidad and Tobago,DB2018,88.6
Trinidad and Tobago,DB2017,88.6
Trinidad and Tobago,DB2016,88.3
Trinidad and Tobago,DB2015,88.3
Trinidad and Tobago,DB2014,82.3
Trinidad and Tobago,DB2013,79.7
Trinidad and Tobago,DB2012,79.7
Trinidad and Tobago,DB2011,79.7
Trinidad and Tobago,DB2010,78
Trinidad and Tobago,DB2009,78
Trinidad and Tobago,DB2008,77.9
Tunisia,DB2018,81.6
Tunisia,DB2017,81.6
Tunisia,DB2016,81.7
Tunisia,DB2015,81.6
Tunisia,DB2014,81.6
Tunisia,DB2013,81.6
Tunisia,DB2012,81.6
Tunisia,DB2011,81.5
Tunisia,DB2010,81.4
Tunisia,DB2009,81.2
Tunisia,DB2008,79.5
Turkey,DB2018,81.9
Turkey,DB2017,81
Turkey,DB2016,79.2
Turkey,DB2015,79.1
Turkey,DB2014,81
Turkey,DB2013,81.6
Turkey,DB2012,81.4
Turkey,DB2011,81.4
Turkey,DB2010,81.8
Turkey,DB2009,81.6
Turkey,DB2008,80.5
Uganda,DB2018,71.1
Uganda,DB2017,70.2
Uganda,DB2016,68.2
Uganda,DB2015,65.1
Uganda,DB2014,64.2
Uganda,DB2013,64.1
Uganda,DB2012,63.9
Uganda,DB2011,59.7
Uganda,DB2010,59.3
Uganda,DB2009,57.2
Uganda,DB2008,57.6
Ukraine,DB2018,91
Ukraine,DB2017,91
Ukraine,DB2016,92.1
Ukraine,DB2015,85.6
Ukraine,DB2014,85.5
Ukraine,DB2013,83.8
Ukraine,DB2012,79.8
Ukraine,DB2011,77.4
Ukraine,DB2010,67.9
Ukraine,DB2009,66.6
Ukraine,DB2008,64.5
United Arab Emirates,DB2018,91.2
United Arab Emirates,DB2017,91.2
United Arab Emirates,DB2016,88.5
United Arab Emirates,DB2015,88.5
United Arab Emirates,DB2014,88.5
United Arab Emirates,DB2013,88.5
United Arab Emirates,DB2012,85.5
United Arab Emirates,DB2011,83.6
United Arab Emirates,DB2010,83.8
United Arab Emirates,DB2009,71.2
United Arab Emirates,DB2008,70.8
United Kingdom,DB2018,94.6
United Kingdom,DB2017,94.6
United Kingdom,DB2016,94.6
United Kingdom,DB2015,91.2
United Kingdom,DB2014,89.8
United Kingdom,DB2013,89.8
United Kingdom,DB2012,89.8
United Kingdom,DB2011,89.8
United Kingdom,DB2010,89.8
United Kingdom,DB2009,89.8
United Kingdom,DB2008,89.8
United States,DB2018,91.2
United States,DB2017,91.2
United States,DB2016,91.2
United States,DB2015,91.2
United States,DB2014,91.1
United States,DB2013,
United States,DB2012,
United States,DB2011,
United States,DB2010,
United States,DB2009,
United States,DB2008,
United States - Los Angeles,DB2018,90.7
United States - Los Angeles,DB2017,90.7
United States - Los Angeles,DB2016,90.7
United States - Los Angeles,DB2015,90.7
United States - Los Angeles,DB2014,90.7
United States - Los Angeles,DB2013,
United States - Los Angeles,DB2012,
United States - Los Angeles,DB2011,
United States - Los Angeles,DB2010,
United States - Los Angeles,DB2009,
United States - Los Angeles,DB2008,
United States - New York City,DB2018,91.6
United States - New York City,DB2017,91.6
United States - New York City,DB2016,91.6
United States - New York City,DB2015,91.6
United States - New York City,DB2014,91.3
United States - New York City,DB2013,91.3
United States - New York City,DB2012,91.3
United States - New York City,DB2011,91.3
United States - New York City,DB2010,91.4
United States - New York City,DB2009,91.4
United States - New York City,DB2008,91.2
Uruguay,DB2018,89.8
Uruguay,DB2017,89.8
Uruguay,DB2016,89.9
Uruguay,DB2015,89.8
Uruguay,DB2014,89.7
Uruguay,DB2013,89.6
Uruguay,DB2012,89.5
Uruguay,DB2011,64.1
Uruguay,DB2010,64.3
Uruguay,DB2009,69.2
Uruguay,DB2008,57.6
Uzbekistan,DB2018,95.5
Uzbekistan,DB2017,93.9
Uzbekistan,DB2016,93.9
Uzbekistan,DB2015,90.5
Uzbekistan,DB2014,90.4
Uzbekistan,DB2013,84.9
Uzbekistan,DB2012,84.2
Uzbekistan,DB2011,81.5
Uzbekistan,DB2010,82.7
Uzbekistan,DB2009,82.7
Uzbekistan,DB2008,81.8
Vanuatu,DB2018,81.2
Vanuatu,DB2017,81.2
Vanuatu,DB2016,75.5
Vanuatu,DB2015,75.3
Vanuatu,DB2014,75.3
Vanuatu,DB2013,75.6
Vanuatu,DB2012,75.7
Vanuatu,DB2011,72
Vanuatu,DB2010,71.3
Vanuatu,DB2009,69.3
Vanuatu,DB2008,69.3
"Venezuela, RB",DB2018,25
"Venezuela, RB",DB2017,32.9
"Venezuela, RB",DB2016,38.9
"Venezuela, RB",DB2015,43.8
"Venezuela, RB",DB2014,45.5
"Venezuela, RB",DB2013,46.5
"Venezuela, RB",DB2012,46.7
"Venezuela, RB",DB2011,46.2
"Venezuela, RB",DB2010,47
"Venezuela, RB",DB2009,46.6
"Venezuela, RB",DB2008,48.7
Vietnam,DB2018,82
Vietnam,DB2017,81.8
Vietnam,DB2016,82.7
Vietnam,DB2015,79.2
Vietnam,DB2014,78.9
Vietnam,DB2013,79.2
Vietnam,DB2012,78
Vietnam,DB2011,77.8
Vietnam,DB2010,75.9
Vietnam,DB2009,75.5
Vietnam,DB2008,75.1
West Bank and Gaza,DB2018,69.6
West Bank and Gaza,DB2017,69.4
West Bank and Gaza,DB2016,64.8
West Bank and Gaza,DB2015,64.3
West Bank and Gaza,DB2014,63.4
West Bank and Gaza,DB2013,46.4
West Bank and Gaza,DB2012,41.7
West Bank and Gaza,DB2011,42
West Bank and Gaza,DB2010,47.2
West Bank and Gaza,DB2009,53.6
West Bank and Gaza,DB2008,45.8
"Yemen, Rep.",DB2018,72.7
"Yemen, Rep.",DB2017,71.6
"Yemen, Rep.",DB2016,73.4
"Yemen, Rep.",DB2015,73.6
"Yemen, Rep.",DB2014,73.6
"Yemen, Rep.",DB2013,72.9
"Yemen, Rep.",DB2012,78.4
"Yemen, Rep.",DB2011,78.6
"Yemen, Rep.",DB2010,78.5
"Yemen, Rep.",DB2009,75.6
"Yemen, Rep.",DB2008,19.9
Zambia,DB2018,84.9
Zambia,DB2017,84.8
Zambia,DB2016,84.9
Zambia,DB2015,84.9
Zambia,DB2014,85.1
Zambia,DB2013,81.8
Zambia,DB2012,83.2
Zambia,DB2011,83
Zambia,DB2010,82.9
Zambia,DB2009,82.9
Zambia,DB2008,78.8
Zimbabwe,DB2018,59.3
Zimbabwe,DB2017,48.8
Zimbabwe,DB2016,49.2
Zimbabwe,DB2015,49
Zimbabwe,DB2014,47.9
Zimbabwe,DB2013,49.2
Zimbabwe,DB2012,45.5
Zimbabwe,DB2011,40.2
Zimbabwe,DB2010,38.3
Zimbabwe,DB2009,38.3
Zimbabwe,DB2008,38.3
